,ga:experimentCombination,ga:transactionId,ga:uniquePurchases
0,p1QJ_NkPQ9upbkKUn--OhQ:0,00D11839GY146693J,1
1,p1QJ_NkPQ9upbkKUn--OhQ:0,00T76116JS115341W,1
2,p1QJ_NkPQ9upbkKUn--OhQ:0,05L21612BS7475025,1
3,p1QJ_NkPQ9upbkKUn--OhQ:0,06498360025098340,1
4,p1QJ_NkPQ9upbkKUn--OhQ:0,0AD03126KP738610L,1
5,p1QJ_NkPQ9upbkKUn--OhQ:0,0C360107DX6922523,1
6,p1QJ_NkPQ9upbkKUn--OhQ:0,0E634759L1656535M,1
7,p1QJ_NkPQ9upbkKUn--OhQ:0,0FR51902JK2916131,1
8,p1QJ_NkPQ9upbkKUn--OhQ:0,0G742551S04500801,1
9,p1QJ_NkPQ9upbkKUn--OhQ:0,0GM94697FF069235N,1
10,p1QJ_NkPQ9upbkKUn--OhQ:0,0LR169189J3494328,1
11,p1QJ_NkPQ9upbkKUn--OhQ:0,0N605599WX5331055,1
12,p1QJ_NkPQ9upbkKUn--OhQ:0,0NH105096S889304N,1
13,p1QJ_NkPQ9upbkKUn--OhQ:0,0TD11647MY026624J,1
14,p1QJ_NkPQ9upbkKUn--OhQ:0,11B7120820233514A,1
15,p1QJ_NkPQ9upbkKUn--OhQ:0,13G21651JE9703737,1
16,p1QJ_NkPQ9upbkKUn--OhQ:0,16374074RH2518540,1
17,p1QJ_NkPQ9upbkKUn--OhQ:0,16859211CN3269628,1
18,p1QJ_NkPQ9upbkKUn--OhQ:0,19D30728MU8819805,1
19,p1QJ_NkPQ9upbkKUn--OhQ:0,1B284028PX285134N,1
20,p1QJ_NkPQ9upbkKUn--OhQ:0,1E6683943D0648322,1
21,p1QJ_NkPQ9upbkKUn--OhQ:0,1J772017SP225754E,1
22,p1QJ_NkPQ9upbkKUn--OhQ:0,1JW01942VB166904G,1
23,p1QJ_NkPQ9upbkKUn--OhQ:0,1K682577K5044723Y,1
24,p1QJ_NkPQ9upbkKUn--OhQ:0,1MG84020E91407533,1
25,p1QJ_NkPQ9upbkKUn--OhQ:0,1T390641TR377702S,1
26,p1QJ_NkPQ9upbkKUn--OhQ:0,1U837831NH314372H,1
27,p1QJ_NkPQ9upbkKUn--OhQ:0,1WA41724D5984064W,1
28,p1QJ_NkPQ9upbkKUn--OhQ:0,20U97862RW7059257,1
29,p1QJ_NkPQ9upbkKUn--OhQ:0,211086540J114994S,1
30,p1QJ_NkPQ9upbkKUn--OhQ:0,225808319J187071D,1
31,p1QJ_NkPQ9upbkKUn--OhQ:0,23B916016C8257546,1
32,p1QJ_NkPQ9upbkKUn--OhQ:0,257772293S0339727,1
33,p1QJ_NkPQ9upbkKUn--OhQ:0,25N604661N896262N,1
34,p1QJ_NkPQ9upbkKUn--OhQ:0,26Y819243S992733B,1
35,p1QJ_NkPQ9upbkKUn--OhQ:0,2DP398588L111461L,1
36,p1QJ_NkPQ9upbkKUn--OhQ:0,2E6919334V636641L,1
37,p1QJ_NkPQ9upbkKUn--OhQ:0,2EY37564C9779954N,1
38,p1QJ_NkPQ9upbkKUn--OhQ:0,2J938233RH714290H,1
39,p1QJ_NkPQ9upbkKUn--OhQ:0,2JX76808SD200904W,1
40,p1QJ_NkPQ9upbkKUn--OhQ:0,2LL35491TN329582C,1
41,p1QJ_NkPQ9upbkKUn--OhQ:0,2N39859747781673R,2
42,p1QJ_NkPQ9upbkKUn--OhQ:0,2P273079G24737611,1
43,p1QJ_NkPQ9upbkKUn--OhQ:0,2P277102PF9218310,1
44,p1QJ_NkPQ9upbkKUn--OhQ:0,2PK38226WX600121S,1
45,p1QJ_NkPQ9upbkKUn--OhQ:0,2S496877GX909954U,1
46,p1QJ_NkPQ9upbkKUn--OhQ:0,2U8371050T1800705,1
47,p1QJ_NkPQ9upbkKUn--OhQ:0,2UR96561J39729023,1
48,p1QJ_NkPQ9upbkKUn--OhQ:0,2VT69483530669321,1
49,p1QJ_NkPQ9upbkKUn--OhQ:0,2WC30415EC266925X,1
50,p1QJ_NkPQ9upbkKUn--OhQ:0,30814781X8124284R,1
51,p1QJ_NkPQ9upbkKUn--OhQ:0,38K162596X8928744,1
52,p1QJ_NkPQ9upbkKUn--OhQ:0,3A50853525267922H,1
53,p1QJ_NkPQ9upbkKUn--OhQ:0,3AG72064DW190433V,1
54,p1QJ_NkPQ9upbkKUn--OhQ:0,3C597278J1195112Y,1
55,p1QJ_NkPQ9upbkKUn--OhQ:0,3DW90744T6720764G,1
56,p1QJ_NkPQ9upbkKUn--OhQ:0,3DY749402K615703V,1
57,p1QJ_NkPQ9upbkKUn--OhQ:0,3EU300566U656280C,1
58,p1QJ_NkPQ9upbkKUn--OhQ:0,3G18012133397331L,1
59,p1QJ_NkPQ9upbkKUn--OhQ:0,3G792543YH179014M,1
60,p1QJ_NkPQ9upbkKUn--OhQ:0,3HE55659FY887591W,1
61,p1QJ_NkPQ9upbkKUn--OhQ:0,3MB66334R23550145,1
62,p1QJ_NkPQ9upbkKUn--OhQ:0,3MH84738E30339610,1
63,p1QJ_NkPQ9upbkKUn--OhQ:0,3P407551F06344733,1
64,p1QJ_NkPQ9upbkKUn--OhQ:0,3R6885641W8154827,1
65,p1QJ_NkPQ9upbkKUn--OhQ:0,3RJ423079U727870J,1
66,p1QJ_NkPQ9upbkKUn--OhQ:0,3S012541NP834521D,1
67,p1QJ_NkPQ9upbkKUn--OhQ:0,3SH36425HA051115E,1
68,p1QJ_NkPQ9upbkKUn--OhQ:0,3T5908988X669345N,1
69,p1QJ_NkPQ9upbkKUn--OhQ:0,3T9320756L934952V,2
70,p1QJ_NkPQ9upbkKUn--OhQ:0,3W502806UJ676801V,1
71,p1QJ_NkPQ9upbkKUn--OhQ:0,40164861BG4863100,1
72,p1QJ_NkPQ9upbkKUn--OhQ:0,40A70076EF9171103,3
73,p1QJ_NkPQ9upbkKUn--OhQ:0,41Y145815C133700C,1
74,p1QJ_NkPQ9upbkKUn--OhQ:0,45X82315473450905,1
75,p1QJ_NkPQ9upbkKUn--OhQ:0,46K565326R448323N,1
76,p1QJ_NkPQ9upbkKUn--OhQ:0,477998791R060650B,1
77,p1QJ_NkPQ9upbkKUn--OhQ:0,47S69514B6852414S,1
78,p1QJ_NkPQ9upbkKUn--OhQ:0,48K68019174186413,1
79,p1QJ_NkPQ9upbkKUn--OhQ:0,49P00872S32443116,1
80,p1QJ_NkPQ9upbkKUn--OhQ:0,49T42492CY963052Y,1
81,p1QJ_NkPQ9upbkKUn--OhQ:0,4CH54853U3882773H,1
82,p1QJ_NkPQ9upbkKUn--OhQ:0,4CR76759RK0121315,1
83,p1QJ_NkPQ9upbkKUn--OhQ:0,4D591180HL931473W,1
84,p1QJ_NkPQ9upbkKUn--OhQ:0,4D741112TS8558158,1
85,p1QJ_NkPQ9upbkKUn--OhQ:0,4DG91882K6006815F,1
86,p1QJ_NkPQ9upbkKUn--OhQ:0,4G0947028Y388853N,1
87,p1QJ_NkPQ9upbkKUn--OhQ:0,4GG76472RX3131444,1
88,p1QJ_NkPQ9upbkKUn--OhQ:0,4JE40887C17815244,1
89,p1QJ_NkPQ9upbkKUn--OhQ:0,4JX11854L5742172B,1
90,p1QJ_NkPQ9upbkKUn--OhQ:0,4N808777W04506507,1
91,p1QJ_NkPQ9upbkKUn--OhQ:0,4N9047688R290750H,1
92,p1QJ_NkPQ9upbkKUn--OhQ:0,4NN63684FF933245K,1
93,p1QJ_NkPQ9upbkKUn--OhQ:0,4ST52601E8097221T,1
94,p1QJ_NkPQ9upbkKUn--OhQ:0,4W514094658751406,1
95,p1QJ_NkPQ9upbkKUn--OhQ:0,4XP83971XF242990A,1
96,p1QJ_NkPQ9upbkKUn--OhQ:0,4Y350746PX0361824,1
97,p1QJ_NkPQ9upbkKUn--OhQ:0,4YS899258N885633U,1
98,p1QJ_NkPQ9upbkKUn--OhQ:0,4YW44967P3466711A,1
99,p1QJ_NkPQ9upbkKUn--OhQ:0,52F118705K236740R,1
100,p1QJ_NkPQ9upbkKUn--OhQ:0,53G18084WY958870E,1
101,p1QJ_NkPQ9upbkKUn--OhQ:0,53G47934LX525921R,1
102,p1QJ_NkPQ9upbkKUn--OhQ:0,55S80031SM269034E,1
103,p1QJ_NkPQ9upbkKUn--OhQ:0,56B26483CV562452S,1
104,p1QJ_NkPQ9upbkKUn--OhQ:0,58246294YG1566328,1
105,p1QJ_NkPQ9upbkKUn--OhQ:0,58E185625G943045H,1
106,p1QJ_NkPQ9upbkKUn--OhQ:0,5AL40038PN259150U,1
107,p1QJ_NkPQ9upbkKUn--OhQ:0,5HC69876HD308762E,1
108,p1QJ_NkPQ9upbkKUn--OhQ:0,5J430583J50178038,1
109,p1QJ_NkPQ9upbkKUn--OhQ:0,5J552665DK940445T,1
110,p1QJ_NkPQ9upbkKUn--OhQ:0,5JK47377PE394143W,1
111,p1QJ_NkPQ9upbkKUn--OhQ:0,5LE39003JD4210108,1
112,p1QJ_NkPQ9upbkKUn--OhQ:0,5M27878548180902N,1
113,p1QJ_NkPQ9upbkKUn--OhQ:0,5MK63216VW017913R,1
114,p1QJ_NkPQ9upbkKUn--OhQ:0,5VC198514Y684454B,1
115,p1QJ_NkPQ9upbkKUn--OhQ:0,5YB2394488707115G,1
116,p1QJ_NkPQ9upbkKUn--OhQ:0,60A95549TL5745201,1
117,p1QJ_NkPQ9upbkKUn--OhQ:0,60C34457R4691572D,1
118,p1QJ_NkPQ9upbkKUn--OhQ:0,61U16652VL886753V,1
119,p1QJ_NkPQ9upbkKUn--OhQ:0,63551885SX974354E,1
120,p1QJ_NkPQ9upbkKUn--OhQ:0,65E125518F235452V,1
121,p1QJ_NkPQ9upbkKUn--OhQ:0,65Y80921NV287833K,1
122,p1QJ_NkPQ9upbkKUn--OhQ:0,67H05072Y5128124Y,1
123,p1QJ_NkPQ9upbkKUn--OhQ:0,69S292065F057625E,1
124,p1QJ_NkPQ9upbkKUn--OhQ:0,6AU10227XJ658614K,1
125,p1QJ_NkPQ9upbkKUn--OhQ:0,6BY09858AB940791H,1
126,p1QJ_NkPQ9upbkKUn--OhQ:0,6D841873AU101211A,1
127,p1QJ_NkPQ9upbkKUn--OhQ:0,6DY54610Y4921121P,1
128,p1QJ_NkPQ9upbkKUn--OhQ:0,6ED29517PH0445112,1
129,p1QJ_NkPQ9upbkKUn--OhQ:0,6F471753E2952351C,2
130,p1QJ_NkPQ9upbkKUn--OhQ:0,6FC61774RV360011D,1
131,p1QJ_NkPQ9upbkKUn--OhQ:0,6G044984001993120,1
132,p1QJ_NkPQ9upbkKUn--OhQ:0,6G285507XJ228433T,1
133,p1QJ_NkPQ9upbkKUn--OhQ:0,6GP28378RD7841159,1
134,p1QJ_NkPQ9upbkKUn--OhQ:0,6GT324763X342762B,1
135,p1QJ_NkPQ9upbkKUn--OhQ:0,6HC74680JK825763U,1
136,p1QJ_NkPQ9upbkKUn--OhQ:0,6J5008037R976491Y,1
137,p1QJ_NkPQ9upbkKUn--OhQ:0,6J817247JG181781P,1
138,p1QJ_NkPQ9upbkKUn--OhQ:0,6JT57161PN036761G,1
139,p1QJ_NkPQ9upbkKUn--OhQ:0,6KS67518VJ001701F,1
140,p1QJ_NkPQ9upbkKUn--OhQ:0,6M276960VR9710933,1
141,p1QJ_NkPQ9upbkKUn--OhQ:0,6NU44514CJ312103S,1
142,p1QJ_NkPQ9upbkKUn--OhQ:0,6PA966703W124231A,1
143,p1QJ_NkPQ9upbkKUn--OhQ:0,6R3283485B531392L,1
144,p1QJ_NkPQ9upbkKUn--OhQ:0,6RF62612SK457833B,1
145,p1QJ_NkPQ9upbkKUn--OhQ:0,6T312567SP808143S,1
146,p1QJ_NkPQ9upbkKUn--OhQ:0,6W3802652W286403K,1
147,p1QJ_NkPQ9upbkKUn--OhQ:0,6WP33083A1532763E,1
148,p1QJ_NkPQ9upbkKUn--OhQ:0,6X248424UH262434A,1
149,p1QJ_NkPQ9upbkKUn--OhQ:0,6YP564507W762850N,1
150,p1QJ_NkPQ9upbkKUn--OhQ:0,71H741221M8750130,1
151,p1QJ_NkPQ9upbkKUn--OhQ:0,74A662597H7444517,1
152,p1QJ_NkPQ9upbkKUn--OhQ:0,756844476B9434333,1
153,p1QJ_NkPQ9upbkKUn--OhQ:0,75F75042W31647829,1
154,p1QJ_NkPQ9upbkKUn--OhQ:0,78354471L4086494A,1
155,p1QJ_NkPQ9upbkKUn--OhQ:0,78819625S4708710R,1
156,p1QJ_NkPQ9upbkKUn--OhQ:0,79L584425M4314743,1
157,p1QJ_NkPQ9upbkKUn--OhQ:0,7B593729E33278912,1
158,p1QJ_NkPQ9upbkKUn--OhQ:0,7C14650340692301N,1
159,p1QJ_NkPQ9upbkKUn--OhQ:0,7DG55169AE262041A,1
160,p1QJ_NkPQ9upbkKUn--OhQ:0,7HA34636490796047,1
161,p1QJ_NkPQ9upbkKUn--OhQ:0,7JB41467FH8437353,1
162,p1QJ_NkPQ9upbkKUn--OhQ:0,7NN69097062619702,1
163,p1QJ_NkPQ9upbkKUn--OhQ:0,7PS72162147528453,1
164,p1QJ_NkPQ9upbkKUn--OhQ:0,7RL42589JX5349343,1
165,p1QJ_NkPQ9upbkKUn--OhQ:0,7T9626964D784743S,1
166,p1QJ_NkPQ9upbkKUn--OhQ:0,7TX21459R0565310E,2
167,p1QJ_NkPQ9upbkKUn--OhQ:0,7VF94741PV7525252,1
168,p1QJ_NkPQ9upbkKUn--OhQ:0,7WN725738G3430318,1
169,p1QJ_NkPQ9upbkKUn--OhQ:0,80N75748PH453872C,1
170,p1QJ_NkPQ9upbkKUn--OhQ:0,81699609NK806883D,1
171,p1QJ_NkPQ9upbkKUn--OhQ:0,84J28267R9815082N,1
172,p1QJ_NkPQ9upbkKUn--OhQ:0,86P84326G12289939,1
173,p1QJ_NkPQ9upbkKUn--OhQ:0,87135084MY074223A,1
174,p1QJ_NkPQ9upbkKUn--OhQ:0,87E3261786119135V,1
175,p1QJ_NkPQ9upbkKUn--OhQ:0,88080208VG174211S,1
176,p1QJ_NkPQ9upbkKUn--OhQ:0,88295838K6453123W,1
177,p1QJ_NkPQ9upbkKUn--OhQ:0,8A4982643W211492P,1
178,p1QJ_NkPQ9upbkKUn--OhQ:0,8AC53603JV682512D,1
179,p1QJ_NkPQ9upbkKUn--OhQ:0,8AF775271S514751H,1
180,p1QJ_NkPQ9upbkKUn--OhQ:0,8AY86683PL3375730,1
181,p1QJ_NkPQ9upbkKUn--OhQ:0,8C417329YJ729182F,1
182,p1QJ_NkPQ9upbkKUn--OhQ:0,8H396620HT203232X,1
183,p1QJ_NkPQ9upbkKUn--OhQ:0,8JH64320BH0573308,1
184,p1QJ_NkPQ9upbkKUn--OhQ:0,8JV20312DP215363H,1
185,p1QJ_NkPQ9upbkKUn--OhQ:0,8KK329760R537335C,1
186,p1QJ_NkPQ9upbkKUn--OhQ:0,8LY31383J7132790J,1
187,p1QJ_NkPQ9upbkKUn--OhQ:0,8M767417VT092013K,1
188,p1QJ_NkPQ9upbkKUn--OhQ:0,8MB75107MV807730V,1
189,p1QJ_NkPQ9upbkKUn--OhQ:0,8MN41125F27340810,1
190,p1QJ_NkPQ9upbkKUn--OhQ:0,8N84388977087500E,1
191,p1QJ_NkPQ9upbkKUn--OhQ:0,8PF61992XU6290728,1
192,p1QJ_NkPQ9upbkKUn--OhQ:0,8SA27833BG182753A,1
193,p1QJ_NkPQ9upbkKUn--OhQ:0,8X331805VG0577712,1
194,p1QJ_NkPQ9upbkKUn--OhQ:0,8Y943352E2287253S,1
195,p1QJ_NkPQ9upbkKUn--OhQ:0,90B268391H056262U,1
196,p1QJ_NkPQ9upbkKUn--OhQ:0,91U248031M614080U,1
197,p1QJ_NkPQ9upbkKUn--OhQ:0,95M444890T3815410,1
198,p1QJ_NkPQ9upbkKUn--OhQ:0,96J26762MX573571B,1
199,p1QJ_NkPQ9upbkKUn--OhQ:0,97K3819282716403C,1
200,p1QJ_NkPQ9upbkKUn--OhQ:0,99927110DT245635A,1
201,p1QJ_NkPQ9upbkKUn--OhQ:0,99L37526BN753694D,1
202,p1QJ_NkPQ9upbkKUn--OhQ:0,9BY40924SE734005Y,1
203,p1QJ_NkPQ9upbkKUn--OhQ:0,9FU84206U5102952A,1
204,p1QJ_NkPQ9upbkKUn--OhQ:0,9JF974583M953380B,1
205,p1QJ_NkPQ9upbkKUn--OhQ:0,9JS20512P7768493C,1
206,p1QJ_NkPQ9upbkKUn--OhQ:0,9KL97838A1422544W,1
207,p1QJ_NkPQ9upbkKUn--OhQ:0,9NG0873475609541S,2
208,p1QJ_NkPQ9upbkKUn--OhQ:0,9SY3458236199422C,1
209,p1QJ_NkPQ9upbkKUn--OhQ:0,9WD56343JA552720L,1
210,p1QJ_NkPQ9upbkKUn--OhQ:0,ICC14179049848,1
211,p1QJ_NkPQ9upbkKUn--OhQ:0,ICC14179051217,1
212,p1QJ_NkPQ9upbkKUn--OhQ:0,ICC14179052410,1
213,p1QJ_NkPQ9upbkKUn--OhQ:0,ICC14179095813,1
214,p1QJ_NkPQ9upbkKUn--OhQ:0,ICC14179110328,1
215,p1QJ_NkPQ9upbkKUn--OhQ:0,ICC14179116288,1
216,p1QJ_NkPQ9upbkKUn--OhQ:0,ICC14179141363,1
217,p1QJ_NkPQ9upbkKUn--OhQ:0,ICC14179186156,1
218,p1QJ_NkPQ9upbkKUn--OhQ:0,ICC14179245306,1
219,p1QJ_NkPQ9upbkKUn--OhQ:0,ICC14179575685,1
220,p1QJ_NkPQ9upbkKUn--OhQ:0,ICC14179734007,1
221,p1QJ_NkPQ9upbkKUn--OhQ:0,ICC14179808761,1
222,p1QJ_NkPQ9upbkKUn--OhQ:0,ICC14179891160,1
223,p1QJ_NkPQ9upbkKUn--OhQ:0,ICC14179935172,1
224,p1QJ_NkPQ9upbkKUn--OhQ:0,ICC14179980863,1
225,p1QJ_NkPQ9upbkKUn--OhQ:0,ICC14180035983,1
226,p1QJ_NkPQ9upbkKUn--OhQ:0,ICC14180219435,1
227,p1QJ_NkPQ9upbkKUn--OhQ:0,ICC14180283528,2
228,p1QJ_NkPQ9upbkKUn--OhQ:0,ICC14180309986,1
229,p1QJ_NkPQ9upbkKUn--OhQ:0,ICC14180321930,1
230,p1QJ_NkPQ9upbkKUn--OhQ:0,ICC14180834430,1
231,p1QJ_NkPQ9upbkKUn--OhQ:0,ICC14184076120,1
232,p1QJ_NkPQ9upbkKUn--OhQ:0,ICC14187235970,1
233,p1QJ_NkPQ9upbkKUn--OhQ:0,ICC14188984152,1
234,p1QJ_NkPQ9upbkKUn--OhQ:0,ICC14191240560,1
235,p1QJ_NkPQ9upbkKUn--OhQ:0,ICC14194519353,1
236,p1QJ_NkPQ9upbkKUn--OhQ:0,ICC14197796609,2
237,p1QJ_NkPQ9upbkKUn--OhQ:0,ICC14197858096,1
238,p1QJ_NkPQ9upbkKUn--OhQ:0,ICC14197860072,1
239,p1QJ_NkPQ9upbkKUn--OhQ:0,ICC14197870952,1
240,p1QJ_NkPQ9upbkKUn--OhQ:0,ICC14197875644,1
241,p1QJ_NkPQ9upbkKUn--OhQ:0,ICC14197878294,1
242,p1QJ_NkPQ9upbkKUn--OhQ:0,ICC14197905885,1
243,p1QJ_NkPQ9upbkKUn--OhQ:0,ICC14197924614,1
244,p1QJ_NkPQ9upbkKUn--OhQ:0,ICC14197926021,1
245,p1QJ_NkPQ9upbkKUn--OhQ:0,ICC14198003726,1
246,p1QJ_NkPQ9upbkKUn--OhQ:0,ICC14198121309,1
247,p1QJ_NkPQ9upbkKUn--OhQ:0,ICC14198128058,1
248,p1QJ_NkPQ9upbkKUn--OhQ:0,ICC14198169142,1
249,p1QJ_NkPQ9upbkKUn--OhQ:0,ICC14198177121,1
250,p1QJ_NkPQ9upbkKUn--OhQ:0,ICC14198249894,1
251,p1QJ_NkPQ9upbkKUn--OhQ:0,ICC14198250711,1
252,p1QJ_NkPQ9upbkKUn--OhQ:0,ICC14198319104,1
253,p1QJ_NkPQ9upbkKUn--OhQ:0,ICC14198385232,1
254,p1QJ_NkPQ9upbkKUn--OhQ:0,ICC14198412340,1
255,p1QJ_NkPQ9upbkKUn--OhQ:0,ICC14198501902,1
256,p1QJ_NkPQ9upbkKUn--OhQ:0,ICC14198698724,2
257,p1QJ_NkPQ9upbkKUn--OhQ:0,ICC14198839561,1
258,p1QJ_NkPQ9upbkKUn--OhQ:0,ICC14198907714,1
259,p1QJ_NkPQ9upbkKUn--OhQ:0,ICC14200627766,1
260,p1QJ_NkPQ9upbkKUn--OhQ:0,ICC14209137452,1
261,p1QJ_NkPQ9upbkKUn--OhQ:0,ICC14210024490,1
262,p1QJ_NkPQ9upbkKUn--OhQ:0,ICC14212834586,1
263,p1QJ_NkPQ9upbkKUn--OhQ:0,ICC14212995630,1
264,p1QJ_NkPQ9upbkKUn--OhQ:0,ICC14216879585,1
265,p1QJ_NkPQ9upbkKUn--OhQ:0,ICC15158087311,1
266,p1QJ_NkPQ9upbkKUn--OhQ:0,ICC15158092681,1
267,p1QJ_NkPQ9upbkKUn--OhQ:0,ICC15158157802,1
268,p1QJ_NkPQ9upbkKUn--OhQ:0,ICC15158184609,1
269,p1QJ_NkPQ9upbkKUn--OhQ:0,ICC15158202831,1
270,p1QJ_NkPQ9upbkKUn--OhQ:0,ICC15158258615,1
271,p1QJ_NkPQ9upbkKUn--OhQ:0,ICC15158420535,1
272,p1QJ_NkPQ9upbkKUn--OhQ:0,ICC15158521095,1
273,p1QJ_NkPQ9upbkKUn--OhQ:0,ICC15158550081,1
274,p1QJ_NkPQ9upbkKUn--OhQ:0,ICC15158598548,1
275,p1QJ_NkPQ9upbkKUn--OhQ:0,ICC15158631664,1
276,p1QJ_NkPQ9upbkKUn--OhQ:0,ICC15158632740,1
277,p1QJ_NkPQ9upbkKUn--OhQ:0,ICC15159162673,1
278,p1QJ_NkPQ9upbkKUn--OhQ:0,ICC15159235530,1
279,p1QJ_NkPQ9upbkKUn--OhQ:0,ICC15159294876,1
280,p1QJ_NkPQ9upbkKUn--OhQ:0,ICC15159312237,1
281,p1QJ_NkPQ9upbkKUn--OhQ:0,ICC15159314501,1
282,p1QJ_NkPQ9upbkKUn--OhQ:0,ICC15159367333,1
283,p1QJ_NkPQ9upbkKUn--OhQ:0,ICC15159436847,1
284,p1QJ_NkPQ9upbkKUn--OhQ:0,ICC15159439798,1
285,p1QJ_NkPQ9upbkKUn--OhQ:0,ICC15159683767,1
286,p1QJ_NkPQ9upbkKUn--OhQ:0,ICC15159741837,1
287,p1QJ_NkPQ9upbkKUn--OhQ:0,ICC15159742785,1
288,p1QJ_NkPQ9upbkKUn--OhQ:0,ICC15159837678,1
289,p1QJ_NkPQ9upbkKUn--OhQ:0,ICC15159889118,1
290,p1QJ_NkPQ9upbkKUn--OhQ:0,ICC15159918535,1
291,p1QJ_NkPQ9upbkKUn--OhQ:0,ICC15159937245,1
292,p1QJ_NkPQ9upbkKUn--OhQ:0,ICC15159976516,1
293,p1QJ_NkPQ9upbkKUn--OhQ:0,ICC15160561491,1
294,p1QJ_NkPQ9upbkKUn--OhQ:0,ICC15161414900,1
295,p1QJ_NkPQ9upbkKUn--OhQ:0,ICC15161463189,1
296,p1QJ_NkPQ9upbkKUn--OhQ:0,ICC15161729161,1
297,p1QJ_NkPQ9upbkKUn--OhQ:0,ICC15161743181,1
298,p1QJ_NkPQ9upbkKUn--OhQ:0,ICC15162419671,2
299,p1QJ_NkPQ9upbkKUn--OhQ:0,ICC15165949831,1
300,p1QJ_NkPQ9upbkKUn--OhQ:0,ICC15166649423,1
301,p1QJ_NkPQ9upbkKUn--OhQ:0,ICC16039980761,1
302,p1QJ_NkPQ9upbkKUn--OhQ:0,ICC16039988526,1
303,p1QJ_NkPQ9upbkKUn--OhQ:0,ICC16040001756,1
304,p1QJ_NkPQ9upbkKUn--OhQ:0,ICC16040001981,1
305,p1QJ_NkPQ9upbkKUn--OhQ:0,ICC16040005051,1
306,p1QJ_NkPQ9upbkKUn--OhQ:0,ICC16040006062,1
307,p1QJ_NkPQ9upbkKUn--OhQ:0,ICC16040089313,1
308,p1QJ_NkPQ9upbkKUn--OhQ:0,ICC16040130570,1
309,p1QJ_NkPQ9upbkKUn--OhQ:0,ICC16040137076,1
310,p1QJ_NkPQ9upbkKUn--OhQ:0,ICC16040169728,1
311,p1QJ_NkPQ9upbkKUn--OhQ:0,ICC16040203417,1
312,p1QJ_NkPQ9upbkKUn--OhQ:0,ICC16040242675,1
313,p1QJ_NkPQ9upbkKUn--OhQ:0,ICC16040368392,1
314,p1QJ_NkPQ9upbkKUn--OhQ:0,ICC16040532683,1
315,p1QJ_NkPQ9upbkKUn--OhQ:0,ICC16040541130,1
316,p1QJ_NkPQ9upbkKUn--OhQ:0,ICC16041100929,1
317,p1QJ_NkPQ9upbkKUn--OhQ:0,ICC16041180580,1
318,p1QJ_NkPQ9upbkKUn--OhQ:0,ICC16041235734,1
319,p1QJ_NkPQ9upbkKUn--OhQ:0,ICC16041290888,1
320,p1QJ_NkPQ9upbkKUn--OhQ:0,ICC16041357683,1
321,p1QJ_NkPQ9upbkKUn--OhQ:0,ICC16041444927,1
322,p1QJ_NkPQ9upbkKUn--OhQ:0,ICC16041459797,1
323,p1QJ_NkPQ9upbkKUn--OhQ:0,ICC16041481550,1
324,p1QJ_NkPQ9upbkKUn--OhQ:0,ICC16041853644,1
325,p1QJ_NkPQ9upbkKUn--OhQ:0,ICC16041957128,1
326,p1QJ_NkPQ9upbkKUn--OhQ:0,ICC16042035548,1
327,p1QJ_NkPQ9upbkKUn--OhQ:0,ICC16042197738,1
328,p1QJ_NkPQ9upbkKUn--OhQ:0,ICC16042397623,1
329,p1QJ_NkPQ9upbkKUn--OhQ:0,ICC16042727083,1
330,p1QJ_NkPQ9upbkKUn--OhQ:0,ICC16045864904,1
331,p1QJ_NkPQ9upbkKUn--OhQ:0,ICC17039499143,1
332,p1QJ_NkPQ9upbkKUn--OhQ:0,ICC17039508444,1
333,p1QJ_NkPQ9upbkKUn--OhQ:0,ICC17039544936,1
334,p1QJ_NkPQ9upbkKUn--OhQ:0,ICC17039564973,1
335,p1QJ_NkPQ9upbkKUn--OhQ:0,ICC17039571551,1
336,p1QJ_NkPQ9upbkKUn--OhQ:0,ICC17039608474,1
337,p1QJ_NkPQ9upbkKUn--OhQ:0,ICC17039641042,1
338,p1QJ_NkPQ9upbkKUn--OhQ:0,ICC17039649046,1
339,p1QJ_NkPQ9upbkKUn--OhQ:0,ICC17039657389,1
340,p1QJ_NkPQ9upbkKUn--OhQ:0,ICC17039666614,1
341,p1QJ_NkPQ9upbkKUn--OhQ:0,ICC17039736750,1
342,p1QJ_NkPQ9upbkKUn--OhQ:0,ICC17039744800,1
343,p1QJ_NkPQ9upbkKUn--OhQ:0,ICC17039809211,1
344,p1QJ_NkPQ9upbkKUn--OhQ:0,ICC17039868280,1
345,p1QJ_NkPQ9upbkKUn--OhQ:0,ICC17039872894,1
346,p1QJ_NkPQ9upbkKUn--OhQ:0,ICC17039894471,2
347,p1QJ_NkPQ9upbkKUn--OhQ:0,ICC17039977456,1
348,p1QJ_NkPQ9upbkKUn--OhQ:0,ICC17040035923,1
349,p1QJ_NkPQ9upbkKUn--OhQ:0,ICC17040107154,2
350,p1QJ_NkPQ9upbkKUn--OhQ:0,ICC17040516753,1
351,p1QJ_NkPQ9upbkKUn--OhQ:0,ICC17040561040,1
352,p1QJ_NkPQ9upbkKUn--OhQ:0,ICC17040575266,1
353,p1QJ_NkPQ9upbkKUn--OhQ:0,ICC17040622164,1
354,p1QJ_NkPQ9upbkKUn--OhQ:0,ICC17040663032,1
355,p1QJ_NkPQ9upbkKUn--OhQ:0,ICC17040672073,1
356,p1QJ_NkPQ9upbkKUn--OhQ:0,ICC17040691381,1
357,p1QJ_NkPQ9upbkKUn--OhQ:0,ICC17040720273,1
358,p1QJ_NkPQ9upbkKUn--OhQ:0,ICC17040750749,1
359,p1QJ_NkPQ9upbkKUn--OhQ:0,ICC17040816275,1
360,p1QJ_NkPQ9upbkKUn--OhQ:0,ICC17040822283,1
361,p1QJ_NkPQ9upbkKUn--OhQ:0,ICC17040839595,1
362,p1QJ_NkPQ9upbkKUn--OhQ:0,ICC17040870212,1
363,p1QJ_NkPQ9upbkKUn--OhQ:0,ICC17040920014,1
364,p1QJ_NkPQ9upbkKUn--OhQ:0,ICC17040926828,1
365,p1QJ_NkPQ9upbkKUn--OhQ:0,ICC17040931374,1
366,p1QJ_NkPQ9upbkKUn--OhQ:0,ICC17040937021,1
367,p1QJ_NkPQ9upbkKUn--OhQ:0,ICC17041234283,1
368,p1QJ_NkPQ9upbkKUn--OhQ:0,ICC17041530436,1
369,p1QJ_NkPQ9upbkKUn--OhQ:0,ICC17041702567,1
370,p1QJ_NkPQ9upbkKUn--OhQ:0,ICC17043113617,1
371,p1QJ_NkPQ9upbkKUn--OhQ:0,ICC17047227428,1
372,p1QJ_NkPQ9upbkKUn--OhQ:0,ICC17047385023,1
373,p1QJ_NkPQ9upbkKUn--OhQ:0,ICC18039664473,1
374,p1QJ_NkPQ9upbkKUn--OhQ:0,ICC18039687460,1
375,p1QJ_NkPQ9upbkKUn--OhQ:0,ICC18039695877,1
376,p1QJ_NkPQ9upbkKUn--OhQ:0,ICC18039707007,1
377,p1QJ_NkPQ9upbkKUn--OhQ:0,ICC18039733005,1
378,p1QJ_NkPQ9upbkKUn--OhQ:0,ICC18039758422,1
379,p1QJ_NkPQ9upbkKUn--OhQ:0,ICC18039786041,1
380,p1QJ_NkPQ9upbkKUn--OhQ:0,ICC18040207221,1
381,p1QJ_NkPQ9upbkKUn--OhQ:0,ICC18040312439,1
382,p1QJ_NkPQ9upbkKUn--OhQ:0,ICC18040427608,1
383,p1QJ_NkPQ9upbkKUn--OhQ:0,ICC18040435184,1
384,p1QJ_NkPQ9upbkKUn--OhQ:0,ICC18040439370,1
385,p1QJ_NkPQ9upbkKUn--OhQ:0,ICC18040516738,1
386,p1QJ_NkPQ9upbkKUn--OhQ:0,ICC18040620777,1
387,p1QJ_NkPQ9upbkKUn--OhQ:0,ICC18040732570,1
388,p1QJ_NkPQ9upbkKUn--OhQ:0,ICC18040736163,1
389,p1QJ_NkPQ9upbkKUn--OhQ:0,ICC18040748180,1
390,p1QJ_NkPQ9upbkKUn--OhQ:0,ICC18040929787,1
391,p1QJ_NkPQ9upbkKUn--OhQ:0,ICC18041385815,1
392,p1QJ_NkPQ9upbkKUn--OhQ:0,ICC18041981097,1
393,p1QJ_NkPQ9upbkKUn--OhQ:0,ICC18044237587,1
394,p1QJ_NkPQ9upbkKUn--OhQ:0,ICC18048833858,1
395,p1QJ_NkPQ9upbkKUn--OhQ:0,ICC18048848429,1
396,p1QJ_NkPQ9upbkKUn--OhQ:0,ICC18050707907,1
397,p1QJ_NkPQ9upbkKUn--OhQ:0,ICC18056358639,1
398,p1QJ_NkPQ9upbkKUn--OhQ:0,ICC18062326084,1
399,p1QJ_NkPQ9upbkKUn--OhQ:0,ICC18062326685,1
400,p1QJ_NkPQ9upbkKUn--OhQ:0,ICC18062357945,2
401,p1QJ_NkPQ9upbkKUn--OhQ:0,ICC18062474703,1
402,p1QJ_NkPQ9upbkKUn--OhQ:0,ICC18062521580,1
403,p1QJ_NkPQ9upbkKUn--OhQ:0,ICC18062536034,1
404,p1QJ_NkPQ9upbkKUn--OhQ:0,ICC18062586985,1
405,p1QJ_NkPQ9upbkKUn--OhQ:0,ICC18062612229,1
406,p1QJ_NkPQ9upbkKUn--OhQ:0,ICC18062641247,2
407,p1QJ_NkPQ9upbkKUn--OhQ:0,ICC18062928424,1
408,p1QJ_NkPQ9upbkKUn--OhQ:0,ICC18063130093,1
409,p1QJ_NkPQ9upbkKUn--OhQ:0,ICC18063268777,1
410,p1QJ_NkPQ9upbkKUn--OhQ:0,ICC18063310187,1
411,p1QJ_NkPQ9upbkKUn--OhQ:0,ICC18064218090,1
412,p1QJ_NkPQ9upbkKUn--OhQ:0,ICC18065243725,1
413,p1QJ_NkPQ9upbkKUn--OhQ:0,ICC18067721357,1
414,p1QJ_NkPQ9upbkKUn--OhQ:0,ICC18071719344,1
415,p1QJ_NkPQ9upbkKUn--OhQ:0,ICC18074075340,1
416,p1QJ_NkPQ9upbkKUn--OhQ:0,ICC18075209981,1
417,p1QJ_NkPQ9upbkKUn--OhQ:0,ICC18077028603,1
418,p1QJ_NkPQ9upbkKUn--OhQ:0,ICC18077327641,1
419,p1QJ_NkPQ9upbkKUn--OhQ:0,ICC18077673909,1
420,p1QJ_NkPQ9upbkKUn--OhQ:0,ICC18080767490,1
421,p1QJ_NkPQ9upbkKUn--OhQ:0,ICC19039630736,1
422,p1QJ_NkPQ9upbkKUn--OhQ:0,ICC19039692485,1
423,p1QJ_NkPQ9upbkKUn--OhQ:0,ICC19039696335,1
424,p1QJ_NkPQ9upbkKUn--OhQ:0,ICC19039752625,1
425,p1QJ_NkPQ9upbkKUn--OhQ:0,ICC19039811428,1
426,p1QJ_NkPQ9upbkKUn--OhQ:0,ICC19039867398,1
427,p1QJ_NkPQ9upbkKUn--OhQ:0,ICC19040330694,1
428,p1QJ_NkPQ9upbkKUn--OhQ:0,ICC19040350462,1
429,p1QJ_NkPQ9upbkKUn--OhQ:0,ICC19040451229,1
430,p1QJ_NkPQ9upbkKUn--OhQ:0,ICC19040518058,1
431,p1QJ_NkPQ9upbkKUn--OhQ:0,ICC19040622662,1
432,p1QJ_NkPQ9upbkKUn--OhQ:0,ICC19040632532,1
433,p1QJ_NkPQ9upbkKUn--OhQ:0,ICC19040638343,1
434,p1QJ_NkPQ9upbkKUn--OhQ:0,ICC19040803325,1
435,p1QJ_NkPQ9upbkKUn--OhQ:0,ICC19040841302,1
436,p1QJ_NkPQ9upbkKUn--OhQ:0,ICC19042017913,1
437,p1QJ_NkPQ9upbkKUn--OhQ:0,ICC19042486898,1
438,p1QJ_NkPQ9upbkKUn--OhQ:0,ICC19044384228,3
439,p1QJ_NkPQ9upbkKUn--OhQ:0,ICC19051151182,1
440,p1QJ_NkPQ9upbkKUn--OhQ:0,ICC19053833860,1
441,p1QJ_NkPQ9upbkKUn--OhQ:0,ICC19053970977,1
442,p1QJ_NkPQ9upbkKUn--OhQ:0,ICC19054304257,1
443,p1QJ_NkPQ9upbkKUn--OhQ:0,ICC19056570146,1
444,p1QJ_NkPQ9upbkKUn--OhQ:0,ICC19062128600,1
445,p1QJ_NkPQ9upbkKUn--OhQ:0,ICC19062133846,2
446,p1QJ_NkPQ9upbkKUn--OhQ:0,ICC19062142193,1
447,p1QJ_NkPQ9upbkKUn--OhQ:0,ICC19062144731,1
448,p1QJ_NkPQ9upbkKUn--OhQ:0,ICC19062147756,1
449,p1QJ_NkPQ9upbkKUn--OhQ:0,ICC19062153239,1
450,p1QJ_NkPQ9upbkKUn--OhQ:0,ICC19062154438,1
451,p1QJ_NkPQ9upbkKUn--OhQ:0,ICC19062181288,1
452,p1QJ_NkPQ9upbkKUn--OhQ:0,ICC19062240752,1
453,p1QJ_NkPQ9upbkKUn--OhQ:0,ICC19062246318,1
454,p1QJ_NkPQ9upbkKUn--OhQ:0,ICC19062250387,1
455,p1QJ_NkPQ9upbkKUn--OhQ:0,ICC19062259004,1
456,p1QJ_NkPQ9upbkKUn--OhQ:0,ICC19062356888,1
457,p1QJ_NkPQ9upbkKUn--OhQ:0,ICC19062393257,1
458,p1QJ_NkPQ9upbkKUn--OhQ:0,ICC19062605023,1
459,p1QJ_NkPQ9upbkKUn--OhQ:0,ICC19062749017,1
460,p1QJ_NkPQ9upbkKUn--OhQ:0,ICC19062786484,1
461,p1QJ_NkPQ9upbkKUn--OhQ:0,ICC19062795536,1
462,p1QJ_NkPQ9upbkKUn--OhQ:0,ICC19062812411,1
463,p1QJ_NkPQ9upbkKUn--OhQ:0,ICC19062901632,1
464,p1QJ_NkPQ9upbkKUn--OhQ:0,ICC19063151139,1
465,p1QJ_NkPQ9upbkKUn--OhQ:0,ICC19063176804,1
466,p1QJ_NkPQ9upbkKUn--OhQ:0,ICC19063382060,1
467,p1QJ_NkPQ9upbkKUn--OhQ:0,ICC19063602485,1
468,p1QJ_NkPQ9upbkKUn--OhQ:0,ICC19063746798,1
469,p1QJ_NkPQ9upbkKUn--OhQ:0,ICC19063826467,1
470,p1QJ_NkPQ9upbkKUn--OhQ:0,ICC19065387744,1
471,p1QJ_NkPQ9upbkKUn--OhQ:0,ICC19065859996,1
472,p1QJ_NkPQ9upbkKUn--OhQ:0,ICC19066154582,1
473,p1QJ_NkPQ9upbkKUn--OhQ:0,ICC19066299397,1
474,p1QJ_NkPQ9upbkKUn--OhQ:0,ICC19067724633,1
475,p1QJ_NkPQ9upbkKUn--OhQ:0,ICC19069006611,1
476,p1QJ_NkPQ9upbkKUn--OhQ:0,ICC19069438469,1
477,p1QJ_NkPQ9upbkKUn--OhQ:0,ICC19072825335,1
478,p1QJ_NkPQ9upbkKUn--OhQ:0,ICC19072897541,1
479,p1QJ_NkPQ9upbkKUn--OhQ:0,ICC19073464121,1
480,p1QJ_NkPQ9upbkKUn--OhQ:0,ICC19077162031,1
481,p1QJ_NkPQ9upbkKUn--OhQ:0,ICC19077887162,1
482,p1QJ_NkPQ9upbkKUn--OhQ:1,02190577VH959984K,1
483,p1QJ_NkPQ9upbkKUn--OhQ:1,03J92162H4925304A,1
484,p1QJ_NkPQ9upbkKUn--OhQ:1,04L61572Y36650448,1
485,p1QJ_NkPQ9upbkKUn--OhQ:1,05955439HP825143W,1
486,p1QJ_NkPQ9upbkKUn--OhQ:1,07Y63856YF6775708,1
487,p1QJ_NkPQ9upbkKUn--OhQ:1,09337335P0428694U,1
488,p1QJ_NkPQ9upbkKUn--OhQ:1,0E224438VB664500F,1
489,p1QJ_NkPQ9upbkKUn--OhQ:1,0HS38591RP633762C,1
490,p1QJ_NkPQ9upbkKUn--OhQ:1,0JP211560B8000431,1
491,p1QJ_NkPQ9upbkKUn--OhQ:1,0KJ03595RC332831J,1
492,p1QJ_NkPQ9upbkKUn--OhQ:1,0KX09233XG305504L,1
493,p1QJ_NkPQ9upbkKUn--OhQ:1,0MJ38751T02796849,1
494,p1QJ_NkPQ9upbkKUn--OhQ:1,0MY00029MX348542N,1
495,p1QJ_NkPQ9upbkKUn--OhQ:1,0NE27541ER556304L,1
496,p1QJ_NkPQ9upbkKUn--OhQ:1,0R698048MM3658022,1
497,p1QJ_NkPQ9upbkKUn--OhQ:1,0U600061YU906243P,1
498,p1QJ_NkPQ9upbkKUn--OhQ:1,0UR68716G64000011,1
499,p1QJ_NkPQ9upbkKUn--OhQ:1,0UV552547J781542H,1
500,p1QJ_NkPQ9upbkKUn--OhQ:1,0XT07536ED826044E,1
501,p1QJ_NkPQ9upbkKUn--OhQ:1,0Y3082993N876492M,1
502,p1QJ_NkPQ9upbkKUn--OhQ:1,0YS69246TF508011G,1
503,p1QJ_NkPQ9upbkKUn--OhQ:1,10C87222AY5854427,1
504,p1QJ_NkPQ9upbkKUn--OhQ:1,12B16414YE198201M,1
505,p1QJ_NkPQ9upbkKUn--OhQ:1,13H37979J8479930B,1
506,p1QJ_NkPQ9upbkKUn--OhQ:1,13R08817LS147204P,1
507,p1QJ_NkPQ9upbkKUn--OhQ:1,14W07874UH190420W,1
508,p1QJ_NkPQ9upbkKUn--OhQ:1,15564322E5747803Y,1
509,p1QJ_NkPQ9upbkKUn--OhQ:1,18516405LU7867942,1
510,p1QJ_NkPQ9upbkKUn--OhQ:1,18C18976U7229551X,1
511,p1QJ_NkPQ9upbkKUn--OhQ:1,194370392P555004T,1
512,p1QJ_NkPQ9upbkKUn--OhQ:1,1A14602398167732P,1
513,p1QJ_NkPQ9upbkKUn--OhQ:1,1AE26971G9357203P,1
514,p1QJ_NkPQ9upbkKUn--OhQ:1,1BP76260FG334135K,1
515,p1QJ_NkPQ9upbkKUn--OhQ:1,1DE73632NK882963P,1
516,p1QJ_NkPQ9upbkKUn--OhQ:1,1EH172576T383873U,1
517,p1QJ_NkPQ9upbkKUn--OhQ:1,1FV7309763225832V,1
518,p1QJ_NkPQ9upbkKUn--OhQ:1,1GY37797VK3424240,1
519,p1QJ_NkPQ9upbkKUn--OhQ:1,1JT11194T90420522,1
520,p1QJ_NkPQ9upbkKUn--OhQ:1,1NY04773D94488014,1
521,p1QJ_NkPQ9upbkKUn--OhQ:1,1TL26799XN528613X,1
522,p1QJ_NkPQ9upbkKUn--OhQ:1,1UH67348MH342443S,1
523,p1QJ_NkPQ9upbkKUn--OhQ:1,1VK12574YB492393T,1
524,p1QJ_NkPQ9upbkKUn--OhQ:1,1VX34437Y7877524W,1
525,p1QJ_NkPQ9upbkKUn--OhQ:1,1W944799HE589972V,1
526,p1QJ_NkPQ9upbkKUn--OhQ:1,1Y634149TG1698329,1
527,p1QJ_NkPQ9upbkKUn--OhQ:1,20S920279W2025849,1
528,p1QJ_NkPQ9upbkKUn--OhQ:1,21E52820WT139921B,1
529,p1QJ_NkPQ9upbkKUn--OhQ:1,2208441905385703A,1
530,p1QJ_NkPQ9upbkKUn--OhQ:1,22Y0189835384570B,1
531,p1QJ_NkPQ9upbkKUn--OhQ:1,26193725T9414832C,1
532,p1QJ_NkPQ9upbkKUn--OhQ:1,2A91149052578722M,1
533,p1QJ_NkPQ9upbkKUn--OhQ:1,2EW562957M750864U,1
534,p1QJ_NkPQ9upbkKUn--OhQ:1,2FN038404F952032D,1
535,p1QJ_NkPQ9upbkKUn--OhQ:1,2G3064711P015933X,1
536,p1QJ_NkPQ9upbkKUn--OhQ:1,2GX93944FX787914K,1
537,p1QJ_NkPQ9upbkKUn--OhQ:1,2JU15402VS8396238,1
538,p1QJ_NkPQ9upbkKUn--OhQ:1,2LP48813G7816103U,1
539,p1QJ_NkPQ9upbkKUn--OhQ:1,2N0684135B4085442,1
540,p1QJ_NkPQ9upbkKUn--OhQ:1,2NL59608SD107893K,1
541,p1QJ_NkPQ9upbkKUn--OhQ:1,2UG995136K8005521,1
542,p1QJ_NkPQ9upbkKUn--OhQ:1,2UT645935A127463V,1
543,p1QJ_NkPQ9upbkKUn--OhQ:1,2VS96080LL6762944,1
544,p1QJ_NkPQ9upbkKUn--OhQ:1,2W248781Y7037370M,1
545,p1QJ_NkPQ9upbkKUn--OhQ:1,2X38883250517192B,1
546,p1QJ_NkPQ9upbkKUn--OhQ:1,31K81828K4686672V,1
547,p1QJ_NkPQ9upbkKUn--OhQ:1,33317088MW396202K,1
548,p1QJ_NkPQ9upbkKUn--OhQ:1,33A94183CP8001250,1
549,p1QJ_NkPQ9upbkKUn--OhQ:1,34C72374D25941306,1
550,p1QJ_NkPQ9upbkKUn--OhQ:1,35L93226PD521300F,1
551,p1QJ_NkPQ9upbkKUn--OhQ:1,35Y410089A5201012,1
552,p1QJ_NkPQ9upbkKUn--OhQ:1,36484929UK359315K,1
553,p1QJ_NkPQ9upbkKUn--OhQ:1,36E14057HX878633K,2
554,p1QJ_NkPQ9upbkKUn--OhQ:1,38U66763BJ1574047,1
555,p1QJ_NkPQ9upbkKUn--OhQ:1,3B517802YH999114H,1
556,p1QJ_NkPQ9upbkKUn--OhQ:1,3BT01391K9947332C,1
557,p1QJ_NkPQ9upbkKUn--OhQ:1,3GP11456B76334300,1
558,p1QJ_NkPQ9upbkKUn--OhQ:1,3LS80009DK365411N,1
559,p1QJ_NkPQ9upbkKUn--OhQ:1,3M554682X6392201X,1
560,p1QJ_NkPQ9upbkKUn--OhQ:1,3R001239XG6363714,1
561,p1QJ_NkPQ9upbkKUn--OhQ:1,3R639452TW3420804,1
562,p1QJ_NkPQ9upbkKUn--OhQ:1,3TW406038Y8122335,1
563,p1QJ_NkPQ9upbkKUn--OhQ:1,3UP71683WX2679521,1
564,p1QJ_NkPQ9upbkKUn--OhQ:1,3V739734SA987464C,1
565,p1QJ_NkPQ9upbkKUn--OhQ:1,3X328321M96364821,1
566,p1QJ_NkPQ9upbkKUn--OhQ:1,3X5913820S538470B,1
567,p1QJ_NkPQ9upbkKUn--OhQ:1,3XX37523ML516931S,1
568,p1QJ_NkPQ9upbkKUn--OhQ:1,47S080795R7011709,1
569,p1QJ_NkPQ9upbkKUn--OhQ:1,49C67323CM414394T,1
570,p1QJ_NkPQ9upbkKUn--OhQ:1,4AD24944N66099837,1
571,p1QJ_NkPQ9upbkKUn--OhQ:1,4CP72788EC370842K,1
572,p1QJ_NkPQ9upbkKUn--OhQ:1,4GB12668PC083291R,1
573,p1QJ_NkPQ9upbkKUn--OhQ:1,4HB2693356854990T,1
574,p1QJ_NkPQ9upbkKUn--OhQ:1,4HL83309RM503644E,1
575,p1QJ_NkPQ9upbkKUn--OhQ:1,4HP35637ML715530P,1
576,p1QJ_NkPQ9upbkKUn--OhQ:1,4JS0856161814033Y,1
577,p1QJ_NkPQ9upbkKUn--OhQ:1,4KR36083X7557854N,1
578,p1QJ_NkPQ9upbkKUn--OhQ:1,4L8605195M395694G,1
579,p1QJ_NkPQ9upbkKUn--OhQ:1,4MK49892TL5241412,1
580,p1QJ_NkPQ9upbkKUn--OhQ:1,4TC50176Y9514990V,1
581,p1QJ_NkPQ9upbkKUn--OhQ:1,4TS533738E675042C,1
582,p1QJ_NkPQ9upbkKUn--OhQ:1,4V199825LW9463905,1
583,p1QJ_NkPQ9upbkKUn--OhQ:1,4WR51057VJ335533M,1
584,p1QJ_NkPQ9upbkKUn--OhQ:1,50175001G7953745K,1
585,p1QJ_NkPQ9upbkKUn--OhQ:1,50H91713DR6531623,1
586,p1QJ_NkPQ9upbkKUn--OhQ:1,52772472KR158561P,1
587,p1QJ_NkPQ9upbkKUn--OhQ:1,52P29229R1519712A,1
588,p1QJ_NkPQ9upbkKUn--OhQ:1,56853770BF8531428,1
589,p1QJ_NkPQ9upbkKUn--OhQ:1,58395831XW824321Y,1
590,p1QJ_NkPQ9upbkKUn--OhQ:1,59J42165W8369144Y,1
591,p1QJ_NkPQ9upbkKUn--OhQ:1,5G0808529A358732L,1
592,p1QJ_NkPQ9upbkKUn--OhQ:1,5JH69867DK1156053,1
593,p1QJ_NkPQ9upbkKUn--OhQ:1,5KL84151NF196620B,1
594,p1QJ_NkPQ9upbkKUn--OhQ:1,5M200255U9629254H,1
595,p1QJ_NkPQ9upbkKUn--OhQ:1,5M38950673243562V,1
596,p1QJ_NkPQ9upbkKUn--OhQ:1,5TH83912P7289542Y,1
597,p1QJ_NkPQ9upbkKUn--OhQ:1,5TT556520Y1473815,1
598,p1QJ_NkPQ9upbkKUn--OhQ:1,5U976648TJ3592848,1
599,p1QJ_NkPQ9upbkKUn--OhQ:1,5UJ962263W5490641,1
600,p1QJ_NkPQ9upbkKUn--OhQ:1,5UR18876UG757402W,1
601,p1QJ_NkPQ9upbkKUn--OhQ:1,5VP78214R6872414K,1
602,p1QJ_NkPQ9upbkKUn--OhQ:1,5WP64408T4230214W,1
603,p1QJ_NkPQ9upbkKUn--OhQ:1,5WU495197S375511P,1
604,p1QJ_NkPQ9upbkKUn--OhQ:1,5YY181436X872480D,1
605,p1QJ_NkPQ9upbkKUn--OhQ:1,60591328PY9344713,1
606,p1QJ_NkPQ9upbkKUn--OhQ:1,60592984R25708449,1
607,p1QJ_NkPQ9upbkKUn--OhQ:1,67J236769T6961359,1
608,p1QJ_NkPQ9upbkKUn--OhQ:1,6BL018838R9676400,1
609,p1QJ_NkPQ9upbkKUn--OhQ:1,6C411366AR0993024,1
610,p1QJ_NkPQ9upbkKUn--OhQ:1,6CX57908Y0652834B,7
611,p1QJ_NkPQ9upbkKUn--OhQ:1,6E573913L2416743W,1
612,p1QJ_NkPQ9upbkKUn--OhQ:1,6EA554644U4030142,1
613,p1QJ_NkPQ9upbkKUn--OhQ:1,6HP03084K93863547,1
614,p1QJ_NkPQ9upbkKUn--OhQ:1,6KS34721UW417481N,2
615,p1QJ_NkPQ9upbkKUn--OhQ:1,6LP31226Y07998333,1
616,p1QJ_NkPQ9upbkKUn--OhQ:1,6M977836W4020832R,1
617,p1QJ_NkPQ9upbkKUn--OhQ:1,6P537174YE3053506,1
618,p1QJ_NkPQ9upbkKUn--OhQ:1,6S099394KD669245A,1
619,p1QJ_NkPQ9upbkKUn--OhQ:1,6TC763800Y195280L,1
620,p1QJ_NkPQ9upbkKUn--OhQ:1,6VU46060K13727640,1
621,p1QJ_NkPQ9upbkKUn--OhQ:1,6WD33683VE2400636,1
622,p1QJ_NkPQ9upbkKUn--OhQ:1,6X397818UD836682K,1
623,p1QJ_NkPQ9upbkKUn--OhQ:1,6X4775499U4618453,1
624,p1QJ_NkPQ9upbkKUn--OhQ:1,6XY53451N3642823C,1
625,p1QJ_NkPQ9upbkKUn--OhQ:1,70K13403XV334724G,1
626,p1QJ_NkPQ9upbkKUn--OhQ:1,71X49307PF8686913,1
627,p1QJ_NkPQ9upbkKUn--OhQ:1,73V64428KB442262F,1
628,p1QJ_NkPQ9upbkKUn--OhQ:1,76398229C0057921L,1
629,p1QJ_NkPQ9upbkKUn--OhQ:1,76M24919DA629833K,1
630,p1QJ_NkPQ9upbkKUn--OhQ:1,77507414WF883314C,1
631,p1QJ_NkPQ9upbkKUn--OhQ:1,7A24290708937304R,1
632,p1QJ_NkPQ9upbkKUn--OhQ:1,7A261890NS6618038,1
633,p1QJ_NkPQ9upbkKUn--OhQ:1,7AG0498322180694Y,2
634,p1QJ_NkPQ9upbkKUn--OhQ:1,7CP47994TD923782C,1
635,p1QJ_NkPQ9upbkKUn--OhQ:1,7D476416V7734232B,1
636,p1QJ_NkPQ9upbkKUn--OhQ:1,7F871154TB2638049,1
637,p1QJ_NkPQ9upbkKUn--OhQ:1,7GL63786817620935,1
638,p1QJ_NkPQ9upbkKUn--OhQ:1,7H192315RF5060024,1
639,p1QJ_NkPQ9upbkKUn--OhQ:1,7JJ85310DJ3336513,1
640,p1QJ_NkPQ9upbkKUn--OhQ:1,7JV30604NU012651J,1
641,p1QJ_NkPQ9upbkKUn--OhQ:1,7PB7817883506745J,1
642,p1QJ_NkPQ9upbkKUn--OhQ:1,7R791315AU417573V,1
643,p1QJ_NkPQ9upbkKUn--OhQ:1,7RR47655XC936534N,1
644,p1QJ_NkPQ9upbkKUn--OhQ:1,7S95864602457894F,1
645,p1QJ_NkPQ9upbkKUn--OhQ:1,7TJ46878KC545300U,1
646,p1QJ_NkPQ9upbkKUn--OhQ:1,7US50761296982410,1
647,p1QJ_NkPQ9upbkKUn--OhQ:1,7W911581M48850712,1
648,p1QJ_NkPQ9upbkKUn--OhQ:1,7WG454678B268680M,1
649,p1QJ_NkPQ9upbkKUn--OhQ:1,7XU37958TD147635P,1
650,p1QJ_NkPQ9upbkKUn--OhQ:1,80676590HL1088359,1
651,p1QJ_NkPQ9upbkKUn--OhQ:1,815707012W194770T,1
652,p1QJ_NkPQ9upbkKUn--OhQ:1,83N06182UM233570V,1
653,p1QJ_NkPQ9upbkKUn--OhQ:1,854454294J8843941,1
654,p1QJ_NkPQ9upbkKUn--OhQ:1,85B02814G5651291B,1
655,p1QJ_NkPQ9upbkKUn--OhQ:1,85M39177LV7876333,1
656,p1QJ_NkPQ9upbkKUn--OhQ:1,88030145FL209393R,1
657,p1QJ_NkPQ9upbkKUn--OhQ:1,89T1106629039283A,1
658,p1QJ_NkPQ9upbkKUn--OhQ:1,8C144780813410055,1
659,p1QJ_NkPQ9upbkKUn--OhQ:1,8EJ04848PX925245L,1
660,p1QJ_NkPQ9upbkKUn--OhQ:1,8EM713183R1151526,1
661,p1QJ_NkPQ9upbkKUn--OhQ:1,8EX005871N0683945,1
662,p1QJ_NkPQ9upbkKUn--OhQ:1,8KU38823SU180230C,1
663,p1QJ_NkPQ9upbkKUn--OhQ:1,8LG714700M635454T,1
664,p1QJ_NkPQ9upbkKUn--OhQ:1,8NC67833BT450053E,1
665,p1QJ_NkPQ9upbkKUn--OhQ:1,8T3501582L114484E,1
666,p1QJ_NkPQ9upbkKUn--OhQ:1,8U17134759404934U,1
667,p1QJ_NkPQ9upbkKUn--OhQ:1,8VE982932N943505R,1
668,p1QJ_NkPQ9upbkKUn--OhQ:1,8W370054838574434,1
669,p1QJ_NkPQ9upbkKUn--OhQ:1,8WP244800D3786901,1
670,p1QJ_NkPQ9upbkKUn--OhQ:1,8WR05541PL389493Y,1
671,p1QJ_NkPQ9upbkKUn--OhQ:1,8XA96366AL1022233,1
672,p1QJ_NkPQ9upbkKUn--OhQ:1,8Y6516566J5510346,1
673,p1QJ_NkPQ9upbkKUn--OhQ:1,91D95970KK560680X,1
674,p1QJ_NkPQ9upbkKUn--OhQ:1,94J64139DG761482T,1
675,p1QJ_NkPQ9upbkKUn--OhQ:1,94N72788EK6746226,1
676,p1QJ_NkPQ9upbkKUn--OhQ:1,94Y09966TL400572L,1
677,p1QJ_NkPQ9upbkKUn--OhQ:1,96578118FT974953T,1
678,p1QJ_NkPQ9upbkKUn--OhQ:1,9A42183561108640K,1
679,p1QJ_NkPQ9upbkKUn--OhQ:1,9AA12665X57765057,1
680,p1QJ_NkPQ9upbkKUn--OhQ:1,9AD067330C640170U,1
681,p1QJ_NkPQ9upbkKUn--OhQ:1,9AP7707002610680B,1
682,p1QJ_NkPQ9upbkKUn--OhQ:1,9BF42075TU631334M,1
683,p1QJ_NkPQ9upbkKUn--OhQ:1,9CA09445WW089015W,1
684,p1QJ_NkPQ9upbkKUn--OhQ:1,9F731179VK398692N,1
685,p1QJ_NkPQ9upbkKUn--OhQ:1,9H767837KK3978034,1
686,p1QJ_NkPQ9upbkKUn--OhQ:1,9JG90649KJ777690H,1
687,p1QJ_NkPQ9upbkKUn--OhQ:1,9JS66949XN046014M,1
688,p1QJ_NkPQ9upbkKUn--OhQ:1,9LJ44951NJ981744W,1
689,p1QJ_NkPQ9upbkKUn--OhQ:1,9MT76779XP3736619,1
690,p1QJ_NkPQ9upbkKUn--OhQ:1,9P482429JL6219101,1
691,p1QJ_NkPQ9upbkKUn--OhQ:1,9SH93723F8176315G,1
692,p1QJ_NkPQ9upbkKUn--OhQ:1,9TA99696N46832028,1
693,p1QJ_NkPQ9upbkKUn--OhQ:1,9TJ91968G9684632J,1
694,p1QJ_NkPQ9upbkKUn--OhQ:1,9VM6848241883504T,1
695,p1QJ_NkPQ9upbkKUn--OhQ:1,9XT864766F564062K,1
696,p1QJ_NkPQ9upbkKUn--OhQ:1,ICC14179050185,1
697,p1QJ_NkPQ9upbkKUn--OhQ:1,ICC14179058688,1
698,p1QJ_NkPQ9upbkKUn--OhQ:1,ICC14179064485,1
699,p1QJ_NkPQ9upbkKUn--OhQ:1,ICC14179099613,1
700,p1QJ_NkPQ9upbkKUn--OhQ:1,ICC14179143161,1
701,p1QJ_NkPQ9upbkKUn--OhQ:1,ICC14179183965,1
702,p1QJ_NkPQ9upbkKUn--OhQ:1,ICC14179191246,1
703,p1QJ_NkPQ9upbkKUn--OhQ:1,ICC14179252037,1
704,p1QJ_NkPQ9upbkKUn--OhQ:1,ICC14179492144,1
705,p1QJ_NkPQ9upbkKUn--OhQ:1,ICC14179719799,1
706,p1QJ_NkPQ9upbkKUn--OhQ:1,ICC14179761681,1
707,p1QJ_NkPQ9upbkKUn--OhQ:1,ICC14179869346,1
708,p1QJ_NkPQ9upbkKUn--OhQ:1,ICC14179914189,1
709,p1QJ_NkPQ9upbkKUn--OhQ:1,ICC14180007138,1
710,p1QJ_NkPQ9upbkKUn--OhQ:1,ICC14180019622,1
711,p1QJ_NkPQ9upbkKUn--OhQ:1,ICC14180041439,1
712,p1QJ_NkPQ9upbkKUn--OhQ:1,ICC14180044572,1
713,p1QJ_NkPQ9upbkKUn--OhQ:1,ICC14180667656,1
714,p1QJ_NkPQ9upbkKUn--OhQ:1,ICC14180678959,1
715,p1QJ_NkPQ9upbkKUn--OhQ:1,ICC14180820126,1
716,p1QJ_NkPQ9upbkKUn--OhQ:1,ICC14182871146,1
717,p1QJ_NkPQ9upbkKUn--OhQ:1,ICC14185743896,1
718,p1QJ_NkPQ9upbkKUn--OhQ:1,ICC14185894897,1
719,p1QJ_NkPQ9upbkKUn--OhQ:1,ICC14189053803,1
720,p1QJ_NkPQ9upbkKUn--OhQ:1,ICC14189332653,1
721,p1QJ_NkPQ9upbkKUn--OhQ:1,ICC14189553244,1
722,p1QJ_NkPQ9upbkKUn--OhQ:1,ICC14197772132,2
723,p1QJ_NkPQ9upbkKUn--OhQ:1,ICC14197775312,1
724,p1QJ_NkPQ9upbkKUn--OhQ:1,ICC14197785822,1
725,p1QJ_NkPQ9upbkKUn--OhQ:1,ICC14197798609,1
726,p1QJ_NkPQ9upbkKUn--OhQ:1,ICC14197804773,1
727,p1QJ_NkPQ9upbkKUn--OhQ:1,ICC14197805690,1
728,p1QJ_NkPQ9upbkKUn--OhQ:1,ICC14197835126,1
729,p1QJ_NkPQ9upbkKUn--OhQ:1,ICC14197847777,1
730,p1QJ_NkPQ9upbkKUn--OhQ:1,ICC14197903601,1
731,p1QJ_NkPQ9upbkKUn--OhQ:1,ICC14197923078,1
732,p1QJ_NkPQ9upbkKUn--OhQ:1,ICC14198339610,1
733,p1QJ_NkPQ9upbkKUn--OhQ:1,ICC14198462833,1
734,p1QJ_NkPQ9upbkKUn--OhQ:1,ICC14198537469,1
735,p1QJ_NkPQ9upbkKUn--OhQ:1,ICC14198804059,1
736,p1QJ_NkPQ9upbkKUn--OhQ:1,ICC14199371213,1
737,p1QJ_NkPQ9upbkKUn--OhQ:1,ICC14201335836,1
738,p1QJ_NkPQ9upbkKUn--OhQ:1,ICC14201423760,1
739,p1QJ_NkPQ9upbkKUn--OhQ:1,ICC14201803736,1
740,p1QJ_NkPQ9upbkKUn--OhQ:1,ICC14202210177,1
741,p1QJ_NkPQ9upbkKUn--OhQ:1,ICC14205148789,1
742,p1QJ_NkPQ9upbkKUn--OhQ:1,ICC14208692177,1
743,p1QJ_NkPQ9upbkKUn--OhQ:1,ICC14209276251,1
744,p1QJ_NkPQ9upbkKUn--OhQ:1,ICC14211938355,1
745,p1QJ_NkPQ9upbkKUn--OhQ:1,ICC14214862715,1
746,p1QJ_NkPQ9upbkKUn--OhQ:1,ICC15158096178,1
747,p1QJ_NkPQ9upbkKUn--OhQ:1,ICC15158105864,1
748,p1QJ_NkPQ9upbkKUn--OhQ:1,ICC15158137480,3
749,p1QJ_NkPQ9upbkKUn--OhQ:1,ICC15158152084,1
750,p1QJ_NkPQ9upbkKUn--OhQ:1,ICC15158153572,1
751,p1QJ_NkPQ9upbkKUn--OhQ:1,ICC15158155615,1
752,p1QJ_NkPQ9upbkKUn--OhQ:1,ICC15158171487,1
753,p1QJ_NkPQ9upbkKUn--OhQ:1,ICC15158211023,1
754,p1QJ_NkPQ9upbkKUn--OhQ:1,ICC15158221688,1
755,p1QJ_NkPQ9upbkKUn--OhQ:1,ICC15158524431,1
756,p1QJ_NkPQ9upbkKUn--OhQ:1,ICC15158531295,1
757,p1QJ_NkPQ9upbkKUn--OhQ:1,ICC15158566952,2
758,p1QJ_NkPQ9upbkKUn--OhQ:1,ICC15158636685,1
759,p1QJ_NkPQ9upbkKUn--OhQ:1,ICC15158983605,1
760,p1QJ_NkPQ9upbkKUn--OhQ:1,ICC15159403347,1
761,p1QJ_NkPQ9upbkKUn--OhQ:1,ICC15159679270,1
762,p1QJ_NkPQ9upbkKUn--OhQ:1,ICC15159694370,1
763,p1QJ_NkPQ9upbkKUn--OhQ:1,ICC15159768856,1
764,p1QJ_NkPQ9upbkKUn--OhQ:1,ICC15159882199,1
765,p1QJ_NkPQ9upbkKUn--OhQ:1,ICC15159950014,1
766,p1QJ_NkPQ9upbkKUn--OhQ:1,ICC15160026082,1
767,p1QJ_NkPQ9upbkKUn--OhQ:1,ICC15160029240,1
768,p1QJ_NkPQ9upbkKUn--OhQ:1,ICC15160063865,1
769,p1QJ_NkPQ9upbkKUn--OhQ:1,ICC15160303380,1
770,p1QJ_NkPQ9upbkKUn--OhQ:1,ICC15160716355,1
771,p1QJ_NkPQ9upbkKUn--OhQ:1,ICC15161440531,2
772,p1QJ_NkPQ9upbkKUn--OhQ:1,ICC15161630637,1
773,p1QJ_NkPQ9upbkKUn--OhQ:1,ICC15164162796,1
774,p1QJ_NkPQ9upbkKUn--OhQ:1,ICC15164889397,1
775,p1QJ_NkPQ9upbkKUn--OhQ:1,ICC16039995049,1
776,p1QJ_NkPQ9upbkKUn--OhQ:1,ICC16040004247,1
777,p1QJ_NkPQ9upbkKUn--OhQ:1,ICC16040010672,1
778,p1QJ_NkPQ9upbkKUn--OhQ:1,ICC16040028946,1
779,p1QJ_NkPQ9upbkKUn--OhQ:1,ICC16040080587,1
780,p1QJ_NkPQ9upbkKUn--OhQ:1,ICC16040116662,1
781,p1QJ_NkPQ9upbkKUn--OhQ:1,ICC16040130713,1
782,p1QJ_NkPQ9upbkKUn--OhQ:1,ICC16040148980,1
783,p1QJ_NkPQ9upbkKUn--OhQ:1,ICC16040201898,1
784,p1QJ_NkPQ9upbkKUn--OhQ:1,ICC16040287018,1
785,p1QJ_NkPQ9upbkKUn--OhQ:1,ICC16040347366,1
786,p1QJ_NkPQ9upbkKUn--OhQ:1,ICC16040371823,1
787,p1QJ_NkPQ9upbkKUn--OhQ:1,ICC16040399816,1
788,p1QJ_NkPQ9upbkKUn--OhQ:1,ICC16040412847,1
789,p1QJ_NkPQ9upbkKUn--OhQ:1,ICC16040419021,1
790,p1QJ_NkPQ9upbkKUn--OhQ:1,ICC16040435535,1
791,p1QJ_NkPQ9upbkKUn--OhQ:1,ICC16041078273,1
792,p1QJ_NkPQ9upbkKUn--OhQ:1,ICC16041226106,1
793,p1QJ_NkPQ9upbkKUn--OhQ:1,ICC16041315005,1
794,p1QJ_NkPQ9upbkKUn--OhQ:1,ICC16041334310,1
795,p1QJ_NkPQ9upbkKUn--OhQ:1,ICC16041353636,1
796,p1QJ_NkPQ9upbkKUn--OhQ:1,ICC16041393943,1
797,p1QJ_NkPQ9upbkKUn--OhQ:1,ICC16041396633,1
798,p1QJ_NkPQ9upbkKUn--OhQ:1,ICC16041720587,1
799,p1QJ_NkPQ9upbkKUn--OhQ:1,ICC16042037634,1
800,p1QJ_NkPQ9upbkKUn--OhQ:1,ICC16042094144,1
801,p1QJ_NkPQ9upbkKUn--OhQ:1,ICC16043918480,1
802,p1QJ_NkPQ9upbkKUn--OhQ:1,ICC16044287742,1
803,p1QJ_NkPQ9upbkKUn--OhQ:1,ICC16045781944,1
804,p1QJ_NkPQ9upbkKUn--OhQ:1,ICC16045951953,1
805,p1QJ_NkPQ9upbkKUn--OhQ:1,ICC17039494720,1
806,p1QJ_NkPQ9upbkKUn--OhQ:1,ICC17039500894,1
807,p1QJ_NkPQ9upbkKUn--OhQ:1,ICC17039502947,1
808,p1QJ_NkPQ9upbkKUn--OhQ:1,ICC17039515398,1
809,p1QJ_NkPQ9upbkKUn--OhQ:1,ICC17039527556,1
810,p1QJ_NkPQ9upbkKUn--OhQ:1,ICC17039673193,1
811,p1QJ_NkPQ9upbkKUn--OhQ:1,ICC17039765309,1
812,p1QJ_NkPQ9upbkKUn--OhQ:1,ICC17040065715,1
813,p1QJ_NkPQ9upbkKUn--OhQ:1,ICC17040569654,1
814,p1QJ_NkPQ9upbkKUn--OhQ:1,ICC17040666110,1
815,p1QJ_NkPQ9upbkKUn--OhQ:1,ICC17040712266,1
816,p1QJ_NkPQ9upbkKUn--OhQ:1,ICC17040798035,1
817,p1QJ_NkPQ9upbkKUn--OhQ:1,ICC17040927871,1
818,p1QJ_NkPQ9upbkKUn--OhQ:1,ICC17040928785,1
819,p1QJ_NkPQ9upbkKUn--OhQ:1,ICC17041097679,1
820,p1QJ_NkPQ9upbkKUn--OhQ:1,ICC17041146534,1
821,p1QJ_NkPQ9upbkKUn--OhQ:1,ICC17041179909,1
822,p1QJ_NkPQ9upbkKUn--OhQ:1,ICC17041457270,1
823,p1QJ_NkPQ9upbkKUn--OhQ:1,ICC17042868435,1
824,p1QJ_NkPQ9upbkKUn--OhQ:1,ICC17042886013,1
825,p1QJ_NkPQ9upbkKUn--OhQ:1,ICC17042973658,1
826,p1QJ_NkPQ9upbkKUn--OhQ:1,ICC17043063409,1
827,p1QJ_NkPQ9upbkKUn--OhQ:1,ICC17047709292,1
828,p1QJ_NkPQ9upbkKUn--OhQ:1,ICC18039645277,1
829,p1QJ_NkPQ9upbkKUn--OhQ:1,ICC18039671374,1
830,p1QJ_NkPQ9upbkKUn--OhQ:1,ICC18039683985,2
831,p1QJ_NkPQ9upbkKUn--OhQ:1,ICC18039685857,1
832,p1QJ_NkPQ9upbkKUn--OhQ:1,ICC18039688881,1
833,p1QJ_NkPQ9upbkKUn--OhQ:1,ICC18039775634,1
834,p1QJ_NkPQ9upbkKUn--OhQ:1,ICC18039834479,1
835,p1QJ_NkPQ9upbkKUn--OhQ:1,ICC18040260571,1
836,p1QJ_NkPQ9upbkKUn--OhQ:1,ICC18040287724,1
837,p1QJ_NkPQ9upbkKUn--OhQ:1,ICC18040365527,1
838,p1QJ_NkPQ9upbkKUn--OhQ:1,ICC18040400635,1
839,p1QJ_NkPQ9upbkKUn--OhQ:1,ICC18040409972,1
840,p1QJ_NkPQ9upbkKUn--OhQ:1,ICC18040413605,1
841,p1QJ_NkPQ9upbkKUn--OhQ:1,ICC18040424778,1
842,p1QJ_NkPQ9upbkKUn--OhQ:1,ICC18040437624,1
843,p1QJ_NkPQ9upbkKUn--OhQ:1,ICC18040454610,1
844,p1QJ_NkPQ9upbkKUn--OhQ:1,ICC18040542873,1
845,p1QJ_NkPQ9upbkKUn--OhQ:1,ICC18040725341,1
846,p1QJ_NkPQ9upbkKUn--OhQ:1,ICC18040795278,1
847,p1QJ_NkPQ9upbkKUn--OhQ:1,ICC18040832650,1
848,p1QJ_NkPQ9upbkKUn--OhQ:1,ICC18042523986,1
849,p1QJ_NkPQ9upbkKUn--OhQ:1,ICC18043939384,1
850,p1QJ_NkPQ9upbkKUn--OhQ:1,ICC18044652315,1
851,p1QJ_NkPQ9upbkKUn--OhQ:1,ICC18045207898,1
852,p1QJ_NkPQ9upbkKUn--OhQ:1,ICC18048649410,1
853,p1QJ_NkPQ9upbkKUn--OhQ:1,ICC18049257391,1
854,p1QJ_NkPQ9upbkKUn--OhQ:1,ICC18059494053,1
855,p1QJ_NkPQ9upbkKUn--OhQ:1,ICC18062327515,1
856,p1QJ_NkPQ9upbkKUn--OhQ:1,ICC18062339142,1
857,p1QJ_NkPQ9upbkKUn--OhQ:1,ICC18062340174,1
858,p1QJ_NkPQ9upbkKUn--OhQ:1,ICC18062354308,2
859,p1QJ_NkPQ9upbkKUn--OhQ:1,ICC18062356944,1
860,p1QJ_NkPQ9upbkKUn--OhQ:1,ICC18062362862,1
861,p1QJ_NkPQ9upbkKUn--OhQ:1,ICC18062365737,1
862,p1QJ_NkPQ9upbkKUn--OhQ:1,ICC18062393355,1
863,p1QJ_NkPQ9upbkKUn--OhQ:1,ICC18062450409,1
864,p1QJ_NkPQ9upbkKUn--OhQ:1,ICC18062473604,2
865,p1QJ_NkPQ9upbkKUn--OhQ:1,ICC18062486915,1
866,p1QJ_NkPQ9upbkKUn--OhQ:1,ICC18062500868,1
867,p1QJ_NkPQ9upbkKUn--OhQ:1,ICC18062581411,1
868,p1QJ_NkPQ9upbkKUn--OhQ:1,ICC18062594124,2
869,p1QJ_NkPQ9upbkKUn--OhQ:1,ICC18062676655,2
870,p1QJ_NkPQ9upbkKUn--OhQ:1,ICC18062692132,1
871,p1QJ_NkPQ9upbkKUn--OhQ:1,ICC18062706941,1
872,p1QJ_NkPQ9upbkKUn--OhQ:1,ICC18062829138,1
873,p1QJ_NkPQ9upbkKUn--OhQ:1,ICC18062926035,1
874,p1QJ_NkPQ9upbkKUn--OhQ:1,ICC18063012916,1
875,p1QJ_NkPQ9upbkKUn--OhQ:1,ICC18063169482,1
876,p1QJ_NkPQ9upbkKUn--OhQ:1,ICC18063198438,1
877,p1QJ_NkPQ9upbkKUn--OhQ:1,ICC18063732734,1
878,p1QJ_NkPQ9upbkKUn--OhQ:1,ICC18064299404,1
879,p1QJ_NkPQ9upbkKUn--OhQ:1,ICC18065030346,1
880,p1QJ_NkPQ9upbkKUn--OhQ:1,ICC18065535938,1
881,p1QJ_NkPQ9upbkKUn--OhQ:1,ICC18065777023,1
882,p1QJ_NkPQ9upbkKUn--OhQ:1,ICC18066207475,1
883,p1QJ_NkPQ9upbkKUn--OhQ:1,ICC18066524226,1
884,p1QJ_NkPQ9upbkKUn--OhQ:1,ICC18067977190,1
885,p1QJ_NkPQ9upbkKUn--OhQ:1,ICC18070094476,1
886,p1QJ_NkPQ9upbkKUn--OhQ:1,ICC18072818061,1
887,p1QJ_NkPQ9upbkKUn--OhQ:1,ICC18076584414,1
888,p1QJ_NkPQ9upbkKUn--OhQ:1,ICC18076856143,1
889,p1QJ_NkPQ9upbkKUn--OhQ:1,ICC18077848373,1
890,p1QJ_NkPQ9upbkKUn--OhQ:1,ICC19039564738,1
891,p1QJ_NkPQ9upbkKUn--OhQ:1,ICC19039570320,1
892,p1QJ_NkPQ9upbkKUn--OhQ:1,ICC19039572678,1
893,p1QJ_NkPQ9upbkKUn--OhQ:1,ICC19039589236,1
894,p1QJ_NkPQ9upbkKUn--OhQ:1,ICC19039593451,1
895,p1QJ_NkPQ9upbkKUn--OhQ:1,ICC19039595491,1
896,p1QJ_NkPQ9upbkKUn--OhQ:1,ICC19039616813,1
897,p1QJ_NkPQ9upbkKUn--OhQ:1,ICC19039634689,1
898,p1QJ_NkPQ9upbkKUn--OhQ:1,ICC19039635971,1
899,p1QJ_NkPQ9upbkKUn--OhQ:1,ICC19039649298,1
900,p1QJ_NkPQ9upbkKUn--OhQ:1,ICC19039719255,1
901,p1QJ_NkPQ9upbkKUn--OhQ:1,ICC19039817315,1
902,p1QJ_NkPQ9upbkKUn--OhQ:1,ICC19040310643,1
903,p1QJ_NkPQ9upbkKUn--OhQ:1,ICC19040319292,1
904,p1QJ_NkPQ9upbkKUn--OhQ:1,ICC19040328158,1
905,p1QJ_NkPQ9upbkKUn--OhQ:1,ICC19040411656,1
906,p1QJ_NkPQ9upbkKUn--OhQ:1,ICC19040441144,1
907,p1QJ_NkPQ9upbkKUn--OhQ:1,ICC19040450141,2
908,p1QJ_NkPQ9upbkKUn--OhQ:1,ICC19040451486,1
909,p1QJ_NkPQ9upbkKUn--OhQ:1,ICC19040531758,1
910,p1QJ_NkPQ9upbkKUn--OhQ:1,ICC19042308484,1
911,p1QJ_NkPQ9upbkKUn--OhQ:1,ICC19049058531,1
912,p1QJ_NkPQ9upbkKUn--OhQ:1,ICC19056899536,1
913,p1QJ_NkPQ9upbkKUn--OhQ:1,ICC19058570780,1
914,p1QJ_NkPQ9upbkKUn--OhQ:1,ICC19062139145,1
915,p1QJ_NkPQ9upbkKUn--OhQ:1,ICC19062142023,1
916,p1QJ_NkPQ9upbkKUn--OhQ:1,ICC19062212473,1
917,p1QJ_NkPQ9upbkKUn--OhQ:1,ICC19062221569,1
918,p1QJ_NkPQ9upbkKUn--OhQ:1,ICC19062237072,1
919,p1QJ_NkPQ9upbkKUn--OhQ:1,ICC19062275875,1
920,p1QJ_NkPQ9upbkKUn--OhQ:1,ICC19062276485,1
921,p1QJ_NkPQ9upbkKUn--OhQ:1,ICC19062277931,1
922,p1QJ_NkPQ9upbkKUn--OhQ:1,ICC19062298501,1
923,p1QJ_NkPQ9upbkKUn--OhQ:1,ICC19062318364,1
924,p1QJ_NkPQ9upbkKUn--OhQ:1,ICC19062353791,1
925,p1QJ_NkPQ9upbkKUn--OhQ:1,ICC19062383212,1
926,p1QJ_NkPQ9upbkKUn--OhQ:1,ICC19062461376,1
927,p1QJ_NkPQ9upbkKUn--OhQ:1,ICC19062485070,2
928,p1QJ_NkPQ9upbkKUn--OhQ:1,ICC19062893451,1
929,p1QJ_NkPQ9upbkKUn--OhQ:1,ICC19062915949,1
930,p1QJ_NkPQ9upbkKUn--OhQ:1,ICC19063350031,1
931,p1QJ_NkPQ9upbkKUn--OhQ:1,ICC19063427398,1
932,p1QJ_NkPQ9upbkKUn--OhQ:1,ICC19065130280,1
933,p1QJ_NkPQ9upbkKUn--OhQ:1,ICC19065232932,1
934,p1QJ_NkPQ9upbkKUn--OhQ:1,ICC19065620580,1
935,p1QJ_NkPQ9upbkKUn--OhQ:1,ICC19065918545,1
936,p1QJ_NkPQ9upbkKUn--OhQ:1,ICC19066643191,1
937,p1QJ_NkPQ9upbkKUn--OhQ:1,ICC19070386843,1
938,p1QJ_NkPQ9upbkKUn--OhQ:1,ICC19076346586,1
939,p1QJ_NkPQ9upbkKUn--OhQ:1,ICC19082128133,1
940,p1QJ_NkPQ9upbkKUn--OhQ:1,IDD00129614,1
